<?xml version="1.0" encoding="utf-8"?>
<eml:eml xmlns:eml="eml://ecoinformatics.org/eml-2.1.1" xmlns:xsi="http://www.w3.org/2001/XMLSchema-instance"
         xsi:schemaLocation="eml://ecoinformatics.org/eml-2.1.1 http://rs.gbif.org/schema/eml-gbif-profile/1.2/eml.xsd"
packageId="10.15468/dl.uas69n"  system="http://gbif.org" scope="system"
xml:lang="en">

    <dataset>
                <alternateIdentifier>0126007-230224095556074</alternateIdentifier>
        <title>GBIF Occurrence Download 10.15468/dl.uas69n</title>
            <creator>
            <individualName>
                    <surName>GBIF Download Service</surName>
            </individualName>
<electronicMailAddress>support@gbif.org</electronicMailAddress>            </creator>
            <metadataProvider>
            <individualName>
                    <surName>GBIF Download Service</surName>
            </individualName>
<electronicMailAddress>support@gbif.org</electronicMailAddress>            </metadataProvider>
            <pubDate>
                2023-03-28
            </pubDate>
        <language>ENGLISH</language>
            <abstract>
                    <para>A dataset containing all occurrences available in GBIF matching the query:
{
  &quot;TaxonKey&quot; : [
    &quot;is Octopus sinensis d&apos;Orbigny, 1834&quot;
  ]
}
The dataset includes records from the following constituent datasets. The full metadata for each constituent is also included in this archive:
21 records from Octopus sinensis d’Orbigny, 1841 (Cephalopoda: Octopodidae): Valid Species Name for the Commercially Valuable East Asian Common Octopus
3 records from Natural History Museum (London) Collection Specimens
11 records from Australian Museum provider for OZCAM
2 records from Naturalis Biodiversity Center (NL) - Mollusca
24 records from INSDC Sequences
25 records from iNaturalist Research-grade Observations
6 records from Mollusca collection of National Museum of Nature and Science</para>
            </abstract>
            <contact>
            <individualName>
                    <surName>GBIF Download Service</surName>
            </individualName>
<electronicMailAddress>support@gbif.org</electronicMailAddress>            </contact>

    </dataset>

    <additionalMetadata>
        <metadata>
            <gbif>
                <dateStamp>2023-03-28T12:05:51Z</dateStamp>
                <citation identifier="10.15468/dl.uas69n">GBIF Occurrence Download 10.15468/dl.uas69n</citation>
                    <physical>
                        <objectName>Darwin Core Archive</objectName>
                        <characterEncoding>UTF-8</characterEncoding>
                        <dataFormat>
                            <externallyDefinedFormat>
                                <formatName>Darwin Core Archive</formatName>
                            </externallyDefinedFormat>
                        </dataFormat>
                        <distribution>
                            <online>
                                <url function="download">https://api.gbif.org/v1/occurrence/download/request/0126007-230224095556074.zip</url>
                            </online>
                        </distribution>
                    </physical>
            </gbif>
        </metadata>
    </additionalMetadata>

</eml:eml>
