<?xml version="1.0" encoding="utf-8"?>
<eml:eml xmlns:eml="eml://ecoinformatics.org/eml-2.1.1" xmlns:xsi="http://www.w3.org/2001/XMLSchema-instance"
         xsi:schemaLocation="eml://ecoinformatics.org/eml-2.1.1 http://rs.gbif.org/schema/eml-gbif-profile/1.2/eml.xsd"
packageId="1afc039c-02d1-444f-b0bb-eca4e7d077a5"  system="http://gbif.org" scope="system"
xml:lang="en">

    <dataset>
            <alternateIdentifier>10.12782/sd.21.1.031</alternateIdentifier>
                <alternateIdentifier>1afc039c-02d1-444f-b0bb-eca4e7d077a5</alternateIdentifier>
                <alternateIdentifier>10.15468/2nuttx</alternateIdentifier>
                <alternateIdentifier>34118987-F3F3-4FEA-BD74-03218965CF84</alternateIdentifier>
                <alternateIdentifier>322BFF9F0B06FFE7FFF6FFE1FFB3FFC5</alternateIdentifier>
        <title>Octopus sinensis d’Orbigny, 1841 (Cephalopoda: Octopodidae): Valid Species Name for the Commercially Valuable East Asian Common Octopus</title>
            <creator>
            <individualName>
<givenName>Ian G.</givenName>                    <surName>Gleadall</surName>
            </individualName>
            </creator>
            <metadataProvider>
            <individualName>
                    <surName>felipe</surName>
            </individualName>
<organizationName>Plazi</organizationName>            </metadataProvider>
            <associatedParty>
<organizationName>Plazi</organizationName>            <address>
<city>Bern</city><country>SWITZERLAND</country>            </address>
<electronicMailAddress>info@plazi.org</electronicMailAddress><onlineUrl>http://plazi.org/</onlineUrl>            <role>PUBLISHER</role>
            </associatedParty>
            <pubDate>
                2016-05-25
            </pubDate>
        <language>ENGLISH</language>
            <abstract>
                    <para>This dataset contains the digitized treatments in Plazi based on the original journal article Gleadall, Ian G. (2016): Octopus sinensis d’Orbigny, 1841 (Cephalopoda: Octopodidae): Valid Species Name for the Commercially Valuable East Asian Common Octopus. Species Diversity 21 (1): 31-42, DOI: 10.12782/sd.21.1.031, URL: http://dx.doi.org/10.12782/sd.21.1.031</para>
            </abstract>
            <intellectualRights>
                    <para>To the extent possible under law, the publisher has waived all rights to these data and has dedicated them to the <ulink url="http://creativecommons.org/publicdomain/zero/1.0/legalcode"><citetitle>Public Domain (CC0 1.0)</citetitle></ulink>. Users may copy, modify, distribute and use the work, including for commercial purposes, without restriction.</para>
            </intellectualRights>
            <distribution scope="document">
                <online>
                    <url function="information">http://tb.plazi.org/GgServer/summary/322BFF9F0B06FFE7FFF6FFE1FFB3FFC5</url>
                </online>
            </distribution>
            <contact>
            <individualName>
<givenName>Guido</givenName>                    <surName>Sautter</surName>
            </individualName>
<electronicMailAddress>gsautter@gmail.com</electronicMailAddress><onlineUrl>http://plazi.org</onlineUrl>            </contact>

    </dataset>

    <additionalMetadata>
        <metadata>
            <gbif>
                <dateStamp>2023-03-28T12:05:50Z</dateStamp>
                <citation>Gleadall I G, felipe (2016). Octopus sinensis d’Orbigny, 1841 (Cephalopoda: Octopodidae): Valid Species Name for the Commercially Valuable East Asian Common Octopus. Plazi.org taxonomic treatments database. Checklist dataset https://doi.org/10.12782/sd.21.1.031 accessed via GBIF.org on 2023-03-28.</citation>
            </gbif>
        </metadata>
    </additionalMetadata>

</eml:eml>
